{"train_loss": [0.004428427847893085, 0.000875228746077259, 0.00038161765936419026, 0.0002508179673066888, 0.00020637951681836683, 0.0001693451290194388, 0.0001437739618582303, 0.00012547174701770005, 0.00010827185750269534, 9.829575249603751e-05, 0.00010294283197183137, 8.082602404588088e-05, 7.837855434154826e-05, 7.606049882073966e-05, 7.147608248885303e-05, 6.827575942586466e-05, 6.604826687500205e-05, 6.574999166146923e-05, 4.9821290409950295e-05, 5.101443540817199e-05, 5.042440699505848e-05, 4.940046598489976e-05, 4.9447562592267616e-05, 4.787558396585512e-05, 4.734970492456008e-05, 4.710588893448158e-05, 4.6091398617212e-05, 4.583403796261808e-05, 4.556509852624386e-05, 4.473323704485317e-05, 4.461013311349412e-05, 4.404654098571626e-05, 4.334600268221161e-05, 4.326418761086905e-05, 4.2595005832218444e-05, 4.244751410233438e-05, 3.841216130240355e-05, 3.8548241236005934e-05, 3.861286063392915e-05, 3.810745658406333e-05, 3.7989381507278803e-05, 3.802216058595091e-05, 3.753624089944959e-05, 3.771329945410988e-05, 3.730070721104273e-05, 3.744728651615676e-05, 3.733324420702102e-05, 3.715754213200387e-05, 3.6778531668136673e-05, 3.679358718600781e-05, 3.662674958580469e-05, 3.489483160866956e-05, 3.4790585825653914e-05, 3.4882299046136435e-05, 3.484126642891754e-05, 3.464350889917341e-05, 3.464627255924031e-05, 3.373870744369803e-05, 3.378173365816074e-05, 3.371616178363005e-05, 3.370866258812799e-05, 3.36220447374194e-05, 3.358500960021198e-05, 3.343453247904907e-05], "val_loss": [0.0011852997780700657, 0.0005539035158558496, 0.0003189040651051576, 0.0002126705010384276, 0.00017230256494302505, 0.00015699308043392714, 0.00023356903488781682, 0.00016010713237652824, 0.0001480633602060832, 0.00014989821935619015, 0.00012202619650584557, 0.00011646088702584113, 0.00016108635805474618, 0.00013049504200220662, 0.0001167384002346984, 0.00011891109490922813, 0.00014501990028416842, 0.0001181558552506104, 0.00010372934572127262, 0.00010105618729566346, 9.432274134393013e-05, 0.00011257513642703998, 9.789076664638892e-05, 9.836177663230258e-05, 9.829002546503387e-05, 0.00010446317568034961, 9.38398054034409e-05, 0.0001009247006311729, 9.682764213491803e-05, 9.222704172042567e-05, 9.867604935209881e-05, 9.560168404524888e-05, 0.0001119076800403014, 9.313624654063e-05, 9.562336054020385e-05, 9.471309328890712e-05, 9.23079003689619e-05, 9.819356365784471e-05, 8.605475431536036e-05, 9.498987274304613e-05, 9.256445636513765e-05, 9.086674983283727e-05, 9.330490458912377e-05, 8.823196032202211e-05, 7.777958006009763e-05, 8.368774500287119e-05, 8.494184125595991e-05, 8.677673932449305e-05, 8.454249351434025e-05, 8.541752803581597e-05, 7.953703915809809e-05, 9.129146125806338e-05, 8.685683645664751e-05, 8.291514708599227e-05, 7.807595249811059e-05, 8.125198538763673e-05, 8.106817480420962e-05, 7.99326462937051e-05, 7.95894327637549e-05, 7.983952587733477e-05, 7.660225866539335e-05, 7.574755810548719e-05, 7.659125143953982e-05, 8.167714929972205e-05], "epochs": [1, 2, 3, 4, 5, 6, 7, 8, 9, 10, 11, 12, 13, 14, 15, 16, 17, 18, 19, 20, 21, 22, 23, 24, 25, 26, 27, 28, 29, 30, 31, 32, 33, 34, 35, 36, 37, 38, 39, 40, 41, 42, 43, 44, 45, 46, 47, 48, 49, 50, 51, 52, 53, 54, 55, 56, 57, 58, 59, 60, 61, 62, 63, 64]}