{"train_loss": [0.003961244172164172, 0.0007286899887923244, 0.0003417402141819331, 0.00022592306756169772, 0.00017482773514563104, 0.00014042665115255974, 0.00012328052776169106, 9.84063785556853e-05, 9.113211237451011e-05, 9.659837754409368e-05, 7.172709195739561e-05, 7.335352940409412e-05, 6.837440864222378e-05, 6.727570882946559e-05, 6.687289042720324e-05, 5.4913265514308654e-05, 4.5982320509975386e-05, 4.6353703973987226e-05, 4.597555702849234e-05, 4.5849367661437246e-05, 4.480919169575683e-05, 4.684708284579496e-05, 3.940454545280868e-05, 3.9594367310984675e-05, 3.9349234968812825e-05, 3.905183053825307e-05], "val_loss": [0.001179860953413384, 0.0004840517161302133, 0.0002901966785853819, 0.00023621545583365748, 0.00017107045145502462, 0.00013180472284077342, 0.0001242940544719566, 0.0001279946252607172, 0.00011625240758185454, 9.662875499910036e-05, 0.00013553349687480505, 0.00013000969801334612, 0.00013602477586405743, 0.00012969030523131596, 0.00013717224448149315, 0.00013538955611084108, 0.00014730564991835318, 0.00012390714531983514, 0.0001373463254230514, 0.00015040054739922233, 0.00014630764591185775, 0.00012321987287136437, 0.0001203388860851845, 0.00011673442628148443, 0.00011378619634890076, 0.00012969306646164555], "epochs": [1, 2, 3, 4, 5, 6, 7, 8, 9, 10, 11, 12, 13, 14, 15, 16, 17, 18, 19, 20, 21, 22, 23, 24, 25, 26]}