{"train_loss": [0.004109275256793337, 0.0006449873499879003, 0.000299401108796842, 0.00021341410352575664, 0.00016567683063827126, 0.00013523520920273016, 0.00010821250626718253, 9.507872158949555e-05, 8.524199500103345e-05, 7.774339706254043e-05, 7.231734725016142e-05, 7.276794716892556e-05, 6.703238521010153e-05, 5.053360075481492e-05, 5.067627445118561e-05, 5.047040328986843e-05, 4.935335743012179e-05, 4.874235966173679e-05, 4.7560289994077334e-05, 4.645438009913493e-05, 4.5574094536137634e-05, 4.535574035845446e-05, 4.6289072026740654e-05, 4.317648881482376e-05, 3.945286221404048e-05, 3.9403905287785594e-05, 3.935550586001559e-05, 3.894974981636583e-05], "val_loss": [0.001013541153493084, 0.00038920465299579343, 0.00027133711565396684, 0.00015712464002576472, 0.0001571653732912416, 0.0001435932928553016, 0.00010591105614172564, 0.0001205660493141498, 0.00011679481560826636, 0.0001378709500907294, 0.00010815549835437531, 0.00010899164980515901, 0.00011654836473840564, 0.00010766789433299123, 0.00010981981656795964, 0.00010349478141294631, 0.00011428553915217528, 0.00010235769593581281, 0.00012363137159906542, 0.00011167837195792794, 0.00012222735290599957, 0.00011844358427481991, 0.0001185236722060668, 0.00011900555515698992, 0.0001170365727437421, 0.00010821140493629799, 0.00011413769494732689, 0.00011340688284178116], "epochs": [1, 2, 3, 4, 5, 6, 7, 8, 9, 10, 11, 12, 13, 14, 15, 16, 17, 18, 19, 20, 21, 22, 23, 24, 25, 26, 27, 28]}